id;suffixe;nom;prenom;date_naissance;adresse_contact;ville;email;pj_bac;mention;annee_obtention;cin_pass;pays_nationalite;pays_residence;codepostal;province;tel;deuxieme_tel;photo;photo_content_type;cv;cv_content_type;autre_document;autre_document_content_type;attestation_de_travail;attestation_de_travail_content_type;bacalaureat;bacalaureat_content_type;cin_passport;cin_passport_content_type;diplome;diplome_content_type;inscriptionvalide;absent
1;bypassing Marketing;Dynamic Home Loan Account Tools;Branding;2020-10-21T21:24:16;clear-thinking;Latvia;Isaias.OHara17@hotmail.com;Sciences_Economiques;Passable;local area network Benin;turn-key dedicated;Wisconsin;target Human withdrawal;dot-com payment Libyan Dinar;white sensor local;2431;76855;../data/blob/hipster.png;image/png;../data/blob/hipster.png;image/png;../data/blob/hipster.png;image/png;../data/blob/hipster.png;image/png;../data/blob/hipster.png;image/png;../data/blob/hipster.png;image/png;../data/blob/hipster.png;image/png;true;false
2;Representative;Response Human;back up Factors;2020-10-22T12:50:03;Venezuela Wisconsin;SDD disintermediate reinvent;Domenick.Halvorson@hotmail.com;Techniques_De_Gestion_Et_Comptabilite;Bien;Concrete Bedfordshire;portal calculating Metal;real-time discrete redundant;Synergistic Personal Loan Account Sleek;Borders;olive Handcrafted Cotton Bacon Unbranded Fresh Pants;2761;37558;../data/blob/hipster.png;image/png;../data/blob/hipster.png;image/png;../data/blob/hipster.png;image/png;../data/blob/hipster.png;image/png;../data/blob/hipster.png;image/png;../data/blob/hipster.png;image/png;../data/blob/hipster.png;image/png;true;false
3;North Dakota Garden;Towels Specialist;Utah Computers Small Fresh Gloves;2020-10-22T12:07:39;Plastic South Georgia and the South Sandwich Islands;composite Orchestrator Club;Amely.Dietrich@hotmail.com;Sciences_Economiques;Assez_bien;card Licensed Cotton Ball;mindshare Gorgeous;Chips;navigating;Som Rustic Frozen Keyboard ROI;Benin;71459;18286;../data/blob/hipster.png;image/png;../data/blob/hipster.png;image/png;../data/blob/hipster.png;image/png;../data/blob/hipster.png;image/png;../data/blob/hipster.png;image/png;../data/blob/hipster.png;image/png;../data/blob/hipster.png;image/png;true;true
4;invoice;alarm Jamaica;system Gorgeous Rubber Pants;2020-10-22T16:57:53;Steel leading-edge Small;Incredible Fresh Chips;Chanelle9@hotmail.com;Sciences_Economiques;Assez_bien;Gorgeous Cotton Chair Personal Loan Account Borders;Norfolk Island Chilean Peso Unidades de fomento Checking Account;invoice Outdoors New York;multi-byte Jamaican Dollar North Carolina;Station;parsing Investment Account;82042;96119;../data/blob/hipster.png;image/png;../data/blob/hipster.png;image/png;../data/blob/hipster.png;image/png;../data/blob/hipster.png;image/png;../data/blob/hipster.png;image/png;../data/blob/hipster.png;image/png;../data/blob/hipster.png;image/png;true;true
5;black;yellow;Books Generic;2020-10-22T04:22:48;Handcrafted Plastic Shirt quantifying;wireless;Earnest69@gmail.com;Sciences_Physiques_Et_Chimiques;Bien;Wyoming interface Cotton;quantify;JSON Texas;bandwidth;application Configurable iterate;Berkshire navigating;32004;29763;../data/blob/hipster.png;image/png;../data/blob/hipster.png;image/png;../data/blob/hipster.png;image/png;../data/blob/hipster.png;image/png;../data/blob/hipster.png;image/png;../data/blob/hipster.png;image/png;../data/blob/hipster.png;image/png;true;false
6;Small Frozen Salad bypassing;time-frame Quality;Borders Borders Practical;2020-10-22T18:34:16;Money Market Account;Danish Krone parse;Osvaldo9@hotmail.com;Sciences_De_La_Vie_Et_De_La_Terre;Tres_bien;program Auto Loan Account Refined;infomediaries;Fantastic Fresh Salad;Steel Avon Visionary;exploit transition;User-centric Principal Pennsylvania;35021;37625;../data/blob/hipster.png;image/png;../data/blob/hipster.png;image/png;../data/blob/hipster.png;image/png;../data/blob/hipster.png;image/png;../data/blob/hipster.png;image/png;../data/blob/hipster.png;image/png;../data/blob/hipster.png;image/png;true;false
7;navigate Oklahoma;Triple-buffered array;Bedfordshire Tools;2020-10-22T09:31:28;Handmade Wooden Cheese Fresh;input Naira;Vilma.Jacobi@gmail.com;Sciences_Physiques_Et_Chimiques;Tres_bien;Strategist;Incredible Fresh Car Tuvalu;Senior Optional Yemeni Rial;Central African Republic;magenta heuristic;Credit Card Account Maryland Legacy;4544;91525;../data/blob/hipster.png;image/png;../data/blob/hipster.png;image/png;../data/blob/hipster.png;image/png;../data/blob/hipster.png;image/png;../data/blob/hipster.png;image/png;../data/blob/hipster.png;image/png;../data/blob/hipster.png;image/png;false;true
8;Unbranded Cotton Table Generic B2B;olive;facilitate Persevering;2020-10-22T14:23:23;holistic;Architect;Alexandro30@hotmail.com;Sciences_De_La_Vie_Et_De_La_Terre;Tres_bien;parsing;models New Mexico District;Accountability;Aruba Chair portals;online Strategist Shirt;navigate redefine;82916;84211;../data/blob/hipster.png;image/png;../data/blob/hipster.png;image/png;../data/blob/hipster.png;image/png;../data/blob/hipster.png;image/png;../data/blob/hipster.png;image/png;../data/blob/hipster.png;image/png;../data/blob/hipster.png;image/png;true;true
9;Bypass;Plastic Movies;SMS;2020-10-22T01:15:46;Producer Agent;Rhode Island capacitor;Roslyn24@hotmail.com;Sciences_De_La_Vie_Et_De_La_Terre;Bien;SMTP;Checking Account global Steel;Borders Springs connecting;SAS;Planner Refined;engage Granite Grocery;75513;78466;../data/blob/hipster.png;image/png;../data/blob/hipster.png;image/png;../data/blob/hipster.png;image/png;../data/blob/hipster.png;image/png;../data/blob/hipster.png;image/png;../data/blob/hipster.png;image/png;../data/blob/hipster.png;image/png;true;true
10;digital Corporate Checking Account;seamless New York mesh;Unbranded array;2020-10-22T07:38:01;Spurs Regional;Home Loan Account;Max.Wiegand45@hotmail.com;Sciences_Economiques;Tres_bien;Illinois robust;Granite Rubber;enable;deposit Chicken best-of-breed;RSS Buckinghamshire Officer;teal Licensed Wooden Pants;27859;34761;../data/blob/hipster.png;image/png;../data/blob/hipster.png;image/png;../data/blob/hipster.png;image/png;../data/blob/hipster.png;image/png;../data/blob/hipster.png;image/png;../data/blob/hipster.png;image/png;../data/blob/hipster.png;image/png;false;false
