id;suffixe;nom;prenom;date_naissance;adresse_contact;ville;email;type_bac;mention;annee_obtention;cin_pass;pays_nationalite;pays_residence;codepostal;province;tel;deuxieme_tel;photo;photo_content_type;test_admission;test_admission_content_type;releves_notes;releves_notes_content_type;bacalaureat;bacalaureat_content_type;cin_passport;cin_passport_content_type;diplome;diplome_content_type;inscriptionvalide;absent;etablissement_obtention
1;clear-thinking Auto Loan Account;indexing;Savings Account extensible connect;2020-10-22T18:12:50;Incredible interface;feed Investment Account;Delbert.Blanda79@yahoo.com;Sciences_Physiques_Et_Chimiques;Bien;granular;solid state;Soft Quality Mount;Awesome;USB alarm 1080p;feed invoice;98057;24966;../data/blob/hipster.png;image/png;../data/blob/hipster.png;image/png;../data/blob/hipster.png;image/png;../data/blob/hipster.png;image/png;../data/blob/hipster.png;image/png;../data/blob/hipster.png;image/png;true;false;magenta Associate
2;Argentine Peso Handcrafted Rubber Sausages Officer;Mississippi Product;Metal;2020-10-22T03:13:40;azure;Administrator;Perry_Kozey5@hotmail.com;Sciences_Physiques_Et_Chimiques;Tres_bien;Cliff;Tugrik magnetic interface;Kansas;Maldives bluetooth policy;Timor-Leste e-commerce;Inverse Health JBOD;2126;23;../data/blob/hipster.png;image/png;../data/blob/hipster.png;image/png;../data/blob/hipster.png;image/png;../data/blob/hipster.png;image/png;../data/blob/hipster.png;image/png;../data/blob/hipster.png;image/png;true;false;matrix Data
3;Supervisor;Licensed Steel Shirt Sleek Granite Tuna;AGP Coordinator;2020-10-22T02:20:02;e-services;Russian Federation program;Berniece.Konopelski@gmail.com;Sciences_Economiques;Tres_bien;Fantastic whiteboard;lavender;neural Cloned Massachusetts;SCSI Communications Underpass;Officer parse;Intuitive;94273;83782;../data/blob/hipster.png;image/png;../data/blob/hipster.png;image/png;../data/blob/hipster.png;image/png;../data/blob/hipster.png;image/png;../data/blob/hipster.png;image/png;../data/blob/hipster.png;image/png;true;false;connecting Concrete
4;Shirt;Electronics;neural wireless Generic Frozen Bike;2020-10-21T23:33:41;Communications Designer;foreground;Nils_Kuhn15@yahoo.com;Sciences_Economiques;Passable;Practical AI didactic;Tunnel;Configuration;Jewelery monitoring Infrastructure;Gorgeous ROI implement;Saint Helena Pound;4878;49587;../data/blob/hipster.png;image/png;../data/blob/hipster.png;image/png;../data/blob/hipster.png;image/png;../data/blob/hipster.png;image/png;../data/blob/hipster.png;image/png;../data/blob/hipster.png;image/png;true;false;yellow Bond Markets Units European Composite Unit (EURCO) Tasty
5;Sleek Fresh Shoes Borders Internal;open-source Ouguiya;AGP circuit;2020-10-22T08:15:43;SMTP Synchronised Pizza;array;Davon_Predovic10@hotmail.com;Sciences_Physiques_Et_Chimiques;Tres_bien;Music copying Reduced;Chair connecting synthesizing;Adaptive black;Money Market Account;New York Concrete expedite;Solomon Islands;77984;12844;../data/blob/hipster.png;image/png;../data/blob/hipster.png;image/png;../data/blob/hipster.png;image/png;../data/blob/hipster.png;image/png;../data/blob/hipster.png;image/png;../data/blob/hipster.png;image/png;false;false;Beauty web services copying
6;deposit Mobility;solid state;Baht;2020-10-22T19:08:39;challenge application Handmade Rubber Shoes;Generic Steel Car SCSI;Waylon.Padberg74@hotmail.com;Sciences_Economiques;Assez_bien;Buckinghamshire compress;Grocery Ball Wells;partnerships Terrace Hat;calculating conglomeration bypassing;Kroon deposit systemic;Liaison Grocery capacitor;90952;41972;../data/blob/hipster.png;image/png;../data/blob/hipster.png;image/png;../data/blob/hipster.png;image/png;../data/blob/hipster.png;image/png;../data/blob/hipster.png;image/png;../data/blob/hipster.png;image/png;true;true;unleash grid-enabled Specialist
7;success program;teal Outdoors payment;Utah Mall;2020-10-22T07:44:05;Mouse fuchsia Licensed;connect;Justice62@hotmail.com;Sciences_Physiques_Et_Chimiques;Assez_bien;Rubber;Credit Card Account;architectures;Networked;Handcrafted Rubber Gloves;South Carolina;43324;31036;../data/blob/hipster.png;image/png;../data/blob/hipster.png;image/png;../data/blob/hipster.png;image/png;../data/blob/hipster.png;image/png;../data/blob/hipster.png;image/png;../data/blob/hipster.png;image/png;true;false;Health
8;Jordanian Dinar;Walks Credit Card Account;payment;2020-10-22T02:36:10;Accounts Lead sensor;Rustic Configurable Planner;Aidan_Kuphal@gmail.com;Sciences_Physiques_Et_Chimiques;Tres_bien;Borders;PCI;Sports;24/365;Frozen;magenta Turkish Lira;82144;20015;../data/blob/hipster.png;image/png;../data/blob/hipster.png;image/png;../data/blob/hipster.png;image/png;../data/blob/hipster.png;image/png;../data/blob/hipster.png;image/png;../data/blob/hipster.png;image/png;false;false;Tasty deposit circuit
9;Personal Loan Account;Generic Granite Gloves capacitor;Assurance Auto Loan Account cross-platform;2020-10-22T06:04:41;Avon invoice Malta;synthesizing Manors;Alize73@yahoo.com;Techniques_De_Gestion_Et_Comptabilite;Assez_bien;pink Architect;override PNG;deposit Avon;Clothing deposit;Designer;Borders Intelligent whiteboard;22056;7219;../data/blob/hipster.png;image/png;../data/blob/hipster.png;image/png;../data/blob/hipster.png;image/png;../data/blob/hipster.png;image/png;../data/blob/hipster.png;image/png;../data/blob/hipster.png;image/png;false;false;Switchable
10;Pizza Assurance;program e-commerce;array parse;2020-10-22T08:39:22;Syrian Arab Republic;New Jersey web-readiness;Golden_Kuhic@hotmail.com;Sciences_De_La_Vie_Et_De_La_Terre;Assez_bien;National;benchmark;invoice program;synthesize;Investor Tuna;redefine;51261;18097;../data/blob/hipster.png;image/png;../data/blob/hipster.png;image/png;../data/blob/hipster.png;image/png;../data/blob/hipster.png;image/png;../data/blob/hipster.png;image/png;../data/blob/hipster.png;image/png;false;true;Berkshire
